Model,Precision,Recall,F1 Score,Accuracy
google/vit-base-patch16-224,0.9221311475409836,0.9109311740890689,0.9164969450101833,0.9219047619047619
